pitcher,avg_speed,avg_spin,avg_pfx_x,avg_pfx_z
425794,80.80812865497076,2323.4163742690057,0.11360233918128654,0.24754385964912282
425844,84.35834896810506,2235.6163227016887,-0.047926829268292684,0.4827861163227017
434378,88.79280464216635,2478.2719535783367,-0.18407736943907155,0.6801547388781432
445276,93.15952712100139,2569.682892906815,0.09515994436717663,1.284700973574409
445926,87.90919117647059,2150.6966911764707,-0.5380698529411765,0.68375
446372,84.51274725274726,2305.3747252747253,-0.10297802197802199,0.5115054945054945
448179,80.0068227694792,2378.6467501009283,0.4294832458619297,0.2409568025837707
450203,88.04577464788733,2629.089084507042,-0.11457042253521127,0.08510211267605634
453178,89.27452229299364,1881.7770700636943,-0.6363694267515924,1.132579617834395
453268,90.90727470141151,2574.0347448425623,-0.19019543973941366,0.42896851248642776
453286,87.88921651221567,2256.3331929233364,-0.3730244313395114,0.6313058129738838
455117,49.126666666666665,1157.1,-0.452,1.4663333333333335
455119,93.13833097595474,2095.2121640735504,-0.4161244695898161,0.8080339462517679
456501,89.04220930232559,2044.7511627906977,-0.7998255813953489,0.8738488372093023
456713,87.32371134020619,2437.1494845360826,0.07994845360824743,0.48407216494845356
458681,89.44876928126027,2403.1595011486706,-0.16602559894978666,0.6982244830981292
471911,88.21419518377694,2039.613434727503,-0.35423954372623573,0.361254752851711
472551,88.165,2120.0071428571428,-0.6795,0.7608571428571428
472610,91.00436991869918,2224.8302845528456,-0.2936382113821138,0.6360162601626017
476595,81.09516728624534,2586.6654275092937,0.8814869888475837,0.056208178438661716
477132,85.72233250620347,2372.761290322581,0.23386104218362283,0.5978213399503721
488984,89.84248554913295,2403.315028901734,-0.36624277456647397,0.8460115606936417
489119,86.41426282051282,2118.741452991453,-0.24290598290598292,0.744017094017094
489446,90.01827651515151,1881.4517045454545,-1.0603882575757575,0.5895738636363637
493603,87.54612365063788,2374.1756624141317,-0.25090284592737977,0.3483709519136408
500743,53.25135135135135,1434.4324324324325,-0.3162162162162162,1.2845945945945947
500779,86.1849348534202,1988.3135179153094,-0.43635993485342023,0.6414576547231271
500871,57.11590909090909,1558.1363636363637,-2.523234146875356e-18,1.1222727272727273
502043,87.58389170896785,2191.300507614213,-0.3448257191201354,0.5299966159052454
502083,89.09674796747967,2187.0,-0.6456910569105692,0.5783739837398374
502085,89.32066666666667,2692.733333333333,0.363,0.4942857142857143
502171,90.40184664793256,2004.8924126856684,-0.8018747490967483,0.10645925331192292
502179,79.96138613861386,2626.0495049504952,0.7400990099009901,0.19455445544554453
502202,88.25493827160493,2233.3765432098767,-0.24466049382716049,0.9762962962962963
502624,88.25977941176471,2289.108823529412,-0.351875,0.7370367647058823
506433,87.82991414369634,2505.8264798915498,0.10255761409850882,0.346086760054225
506702,80.31666666666666,1882.111111111111,-0.7783333333333333,1.366111111111111
517008,91.67903225806452,2234.7903225806454,-0.05919354838709677,1.116774193548387
518397,90.60834553440702,2215.610541727672,-0.8848169838945827,0.2131185944363104
518489,91.45531177829099,2368.7621247113166,-0.1892956120092379,0.7333487297921478
518516,85.27571428571429,2135.094285714286,-0.08348571428571429,0.6418571428571429
518585,87.66372819100093,1799.9265381083562,-0.2594398530762167,0.7687511478420569
518617,91.969769874477,2251.094142259414,-0.9433054393305439,0.6840585774058577
518626,84.23636363636363,2047.3636363636363,-0.7545454545454546,0.7990909090909092
518876,89.69192364170337,2302.9379588839943,-0.5748421439060205,0.5625330396475771
518886,92.64438502673796,2437.646167557932,-0.3144652406417112,0.6050089126559716
519008,83.79019607843138,1956.0,-0.42588235294117643,-0.3141176470588235
519043,88.94259708737864,2232.2014563106795,-0.787997572815534,0.7531432038834952
519151,89.02654508611955,2773.3495440729484,0.35834853090172236,0.21030395136778116
519242,86.80707434052759,2181.1570743405277,-0.4767985611510791,0.312931654676259
519293,85.2965156794425,2242.2288037166086,0.0886759581881533,0.5430894308943089
521230,92.24827586206897,2293.574712643678,-0.21804597701149425,1.0277011494252872
523260,94.35091937765206,2499.5997171145686,-0.5631541725601131,0.30810466760961813
527048,88.54997744700044,1959.6977898060443,-0.9786783942264321,0.8058457374830852
527054,86.6587037037037,2180.517592592593,-0.7305370370370371,0.44619444444444445
541640,88.07788565264293,2253.0507011866234,-0.39050701186623515,0.6518122977346279
542194,64.97,1524.2,-0.6910000000000001,1.626
542208,63.72380952380953,1712.1190476190477,-0.14738095238095236,1.273095238095238
542585,92.03002028397566,2342.587221095335,-0.5972819472616633,0.6624543610547667
542881,85.36975690152451,2148.48825710754,-0.5365677791512155,1.1449896992171404
542888,92.69811794228356,2394.0501882057715,-0.35018820577164367,0.901141781681305
542914,88.87508090614887,2120.8349514563106,-0.21475728155339804,0.37666666666666665
542947,85.6767032967033,1922.2263736263735,-0.4441538461538462,0.29914285714285715
543037,92.58424356559951,2434.160389202762,-0.24105461393596986,0.7770433145009416
543056,85.86504263093788,2546.5408038976857,0.16261875761266747,0.14644336175395858
543063,81.92999999999999,2071.3,-0.177,0.6065
543101,89.3536472148541,2100.7718832891246,-0.41908488063660476,0.6496087533156498
543135,89.284920993228,2020.7720090293453,-0.5606591422121896,0.5150293453724605
543243,87.86810655147589,2544.4251259899206,0.30341252699784016,0.14327933765298775
543272,86.7466737064414,2333.404435058078,0.07310454065469905,0.43882787750791974
543281,56.21590909090909,1341.340909090909,-0.5265909090909091,1.0679545454545456
543294,84.27185571903179,2131.0052206929286,-0.7524964404366398,0.6997484575225439
543339,91.690625,2495.71875,-0.38171875,0.8290625
543351,88.1310657596372,2269.7120181405894,-0.07399092970521542,0.6772108843537414
543475,85.87956912028726,2274.262477558348,-0.028771992818671453,0.49927827648114903
543507,89.28878627968336,2206.761213720317,-0.2844986807387863,0.7049604221635885
543510,46.05714285714286,994.5714285714286,-0.7435714285714285,1.4764285714285716
543518,89.78631492168178,1899.2316570486398,-0.5298598516075845,1.0140065952184667
543521,84.4811301715439,2611.141271442987,0.6413622603430879,0.3670534813319879
543543,76.97435897435898,1856.2564102564102,-0.3597435897435897,1.2176923076923079
543548,81.44846625766871,2033.196319018405,-0.5749693251533742,0.935644171779141
543594,83.85645161290323,2098.7258064516127,-0.10580645161290324,0.5553225806451613
543766,89.79611901681758,2375.8719275549806,0.32972833117723155,0.31331177231565327
543859,89.42654176424668,2290.4176424668226,-0.5041608118657299,0.453551912568306
543901,83.24505494505495,2134.6043956043954,-0.6055494505494505,-0.18335164835164833
544727,91.06854838709677,2104.4112903225805,-0.7918145161290323,0.4331854838709678
545121,50.25769230769231,1146.5384615384614,-0.38576923076923075,1.3023076923076924
547179,89.08283898305085,2392.4995762711865,-0.6786610169491526,0.7375508474576271
547184,87.61286764705882,2551.8676470588234,0.7103308823529412,0.19691176470588237
547943,82.10289156626506,1980.5831325301206,-0.5146746987951807,0.46331325301204823
547973,95.58233532934132,2298.501996007984,-0.1659181636726547,1.0782035928143712
548384,85.33399581589958,2605.3870292887027,0.09251046025104602,0.2982008368200837
548389,86.88950314905529,2087.07277816655,-0.20705388383484954,0.7536948915325402
552640,92.15806451612904,2465.6720430107525,-0.453494623655914,0.6572043010752688
554340,90.51947809878844,2548.0782851817335,-0.26471575023299165,0.5025256290773532
554430,91.90553083280355,2515.747298156389,-0.2040750158931977,0.6750222504767959
570257,88.46744186046512,1594.6465116279069,-1.0789767441860465,0.30204651162790697
570632,91.03657587548638,2093.9364461738,-0.9054863813229572,0.8257976653696498
570666,86.68061002178649,2178.7843137254904,-0.42376906318082785,0.30666666666666664
570731,73.95294117647059,1847.7058823529412,-0.851764705882353,1.1588235294117646
571466,41.80714285714286,1120.2857142857142,-0.02619047619047619,1.487142857142857
571479,90.00022988505746,2471.0298850574713,-0.33048275862068965,0.8264827586206897
571510,84.63174872665535,2370.502546689304,-0.4417572156196944,0.5041850594227504
571539,91.21398416886544,1699.0026385224273,-1.0170184696569922,0.366490765171504
571578,87.28511166253101,2056.392768521801,-0.6102197802197803,0.6074689826302729
571616,87.90921052631579,2229.6710526315787,-0.4076315789473684,0.81
571656,88.83637873754152,2304.5498338870434,-0.44794850498338873,0.620141196013289
571670,89.81046511627906,2037.6141649048625,-0.8510253699788584,0.6437315010570824
571710,88.06477272727273,2371.9886363636365,-0.4767045454545455,0.7145454545454546
571760,88.41106415674221,2392.344218209758,-0.8940069150979638,0.7580099884748367
571863,90.77846975088968,2219.41103202847,-0.15604982206405693,0.7156761565836298
571875,56.5875,1580.375,-0.97875,1.40625
571882,90.62958199356913,2250.5219721329045,-0.13231511254019293,0.5971275455519829
571901,87.45691554467565,2197.93635250918,-1.0905263157894738,0.24380660954712363
571912,66.30375000000001,1791.2625,-0.3115,1.575375
571927,89.0105408388521,2252.806843267108,-0.8269867549668874,0.4958830022075055
571945,87.52948220064724,2276.802912621359,-0.27258252427184465,0.4101165048543689
571946,89.62952086553324,2135.6816074188564,-0.5910819165378671,1.0039103554868625
571948,84.26389999999999,1882.515,-0.55514,0.11222
572008,49.144444444444446,1495.2222222222222,-0.03333333333333334,1.4500000000000002
572020,90.22161042036707,2101.9934872705744,-0.6109058614564831,0.6641148608644168
572193,87.14354066985646,2292.0574162679427,-0.029330143540669852,0.6753588516746412
572403,88.302,2222.284,0.13735999999999998,0.51101
572888,87.64047619047619,2413.2619047619046,0.12976190476190477,0.6533333333333333
572955,89.40766319772942,2702.4361400189214,0.17468306527909178,0.22884578997161778
572971,83.64103343465047,2038.5744680851064,-0.6435258358662614,0.4115045592705167
573009,85.1480701754386,2139.378947368421,-0.8031578947368421,-0.011807017543859648
573124,85.47531017369728,2465.6749379652606,0.1446029776674938,0.2692555831265509
573186,89.11544515494344,2421.359075258239,-0.27246433841613377,0.24383177570093456
573204,86.02574468085106,2365.317021276596,0.27527659574468083,0.5478085106382979
579328,90.4969329529244,2340.738231098431,-0.2899179743223966,0.6782168330955778
592094,88.0197072072072,2517.9144144144143,-0.16670045045045045,0.5474887387387387
592222,80.85,1830.0,-1.2825,-0.2375
592229,91.85667574931881,2102.9700272479563,-0.3537874659400545,0.5770572207084469
592254,89.06560283687944,2123.677304964539,-0.5944326241134752,0.8082978723404255
592332,90.27277777777778,2085.2797385620916,-0.9577222222222223,0.9090032679738562
592346,89.59594594594596,2267.6216216216217,-0.3944594594594595,0.5985135135135135
592351,90.43906315349226,2132.038477624425,-0.2698745294855709,0.5894939355918026
592390,86.65555555555555,2598.0555555555557,0.24055555555555555,0.9666666666666666
592426,89.10477099236641,2190.5820610687024,-0.14299618320610688,0.10482824427480916
592454,90.1095029239766,1533.233918128655,-0.9344152046783626,0.41814327485380115
592473,85.91927710843373,2243.3614457831327,-0.543012048192771,0.15289156626506023
592527,87.67317073170732,2280.3658536585367,-0.5929268292682927,0.765609756097561
592741,85.35132127955494,1742.4408901251738,-0.598164116828929,0.6418080667593881
592767,84.9637348895373,2088.9349729053774,-0.43065860775323056,0.5224551896623593
592773,94.8583430571762,2139.4772462077012,-0.6552742123687282,1.0424504084014001
592779,92.97494252873562,2441.5632183908046,-0.16979310344827586,0.776206896551724
592789,88.28039914468995,2028.2451888809694,-0.5358517462580185,0.7475694939415538
592791,88.43487361769353,2473.723538704581,0.014537914691943129,0.7349091627172196
592826,88.08503937007875,2380.100787401575,0.056566929133858274,0.7571181102362204
592836,88.80208923512748,1919.5318696883853,-0.6593767705382436,0.6465651558073655
592848,87.11428571428571,2504.125,0.6308928571428571,0.4945535714285714
592866,85.89534173348606,2065.860633829706,-0.46419243986254294,0.5205536464299351
593334,87.08493317132442,2538.8432563791007,-0.6623997569866342,0.6729343863912516
593423,90.0576923076923,2095.346153846154,-0.7557692307692307,0.5415384615384615
593576,89.85777568331763,2044.7492931196985,-0.7776531573986806,0.9494439208294062
593619,95.63418181818183,2178.2472727272725,-0.9937454545454545,1.01
593643,63.169696969696965,1543.090909090909,-0.5642424242424243,1.2112121212121212
593833,87.98553459119498,2278.1006289308175,-0.4539622641509434,1.0045283018867925
593958,89.80413368513632,2105.905892700088,-0.5384564643799472,0.8910114335971856
593974,91.86238425925927,2205.4791666666665,-1.1868171296296297,0.5969907407407407
594577,87.7068281938326,2153.9559471365637,-0.2894052863436123,0.5270925110132159
594580,89.12875621890547,2662.3671641791043,-0.1812636815920398,0.27282587064676617
594798,95.07169312169312,2501.3650793650795,-0.31703703703703706,0.8792857142857143
594835,83.62731767614339,2112.779975278121,-0.8255871446229913,0.4710506798516687
594902,86.5529284164859,1952.4338394793926,-0.3079031091829356,0.7312870571221981
594943,85.06666666666668,2085.634199134199,-0.5973593073593074,0.38406926406926406
595345,86.54102564102564,2415.9802761341225,0.22873767258382643,0.7481558185404339
595411,84.42596153846154,2268.1923076923076,-0.3453846153846154,-0.022500000000000003
595897,94.94137931034483,2603.362068965517,-0.29103448275862065,1.0193103448275862
595928,90.3678445229682,2398.367491166078,-0.272756183745583,0.8349469964664311
595978,58.272549019607844,1554.2745098039215,-0.6549019607843137,1.1968627450980391
596001,87.05010972933431,2277.4184345281637,0.28638624725676665,0.19795171909290418
596057,85.13463035019454,1949.762645914397,-0.5250194552529183,0.6248249027237355
596082,83.88275862068966,2258.2413793103447,-0.26275862068965516,0.23689655172413793
596112,89.63245382585751,2654.4841688654355,-0.2911873350923483,0.48319261213720316
596133,89.42677693339294,2228.6897630755475,-0.40089852481001337,0.8253375055878408
596271,85.22684563758389,2146.800894854586,-0.48268456375838925,0.4615436241610738
596295,85.63759851645804,2177.6101066295782,-0.22980064904960593,0.7263792304126101
598264,88.20050251256282,2031.8793969849246,-0.40364321608040205,0.3307788944723618
598286,83.52981651376147,2033.0015290519877,-0.5722477064220184,0.27662079510703363
600917,89.50515247108306,2467.4132492113563,-0.022334384858044166,0.9470977917981073
600921,93.42200520833335,1989.9752604166667,-0.9413671875,0.7998697916666666
600986,92.13333333333334,2230.1944444444443,-0.38916666666666666,0.6863888888888889
601713,88.86936634494336,2471.4892992026857,0.1485312631137222,0.5776710029374738
605130,84.46719665271966,2504.239330543933,0.6005774058577407,0.01811715481171548
605135,85.59350192061459,2134.424775928297,-0.34530729833546736,0.3771927016645326
605151,89.82635135135135,2039.6486486486488,-0.6464189189189189,0.7782432432432433
605154,88.19053627760253,2501.127760252366,0.0961198738170347,0.6870504731861198
605155,88.64519230769231,2592.471153846154,0.4826923076923077,0.1325
605177,89.14186813186814,2281.385714285714,-0.7138681318681319,0.6932197802197803
605182,88.15,2201.485224022879,-0.08297902764537655,0.7455004766444232
605200,86.07032085561497,2106.1697860962568,-0.9422393048128341,0.724144385026738
605218,90.95942549371634,2326.4901256732496,-0.026193895870736086,0.8755296229802514
605242,89.62647058823529,2476.7488687782807,0.3423868778280543,0.4930882352941176
605280,93.09647749510764,2274.8953033268103,-0.7187279843444226,0.09470645792563602
605288,89.3899837574445,2082.5387114239306,-0.7547915538711424,0.5431781266919329
605347,91.75164369034995,2143.4994697773063,-0.576320254506893,0.2953022269353129
605397,87.40555196901228,2600.697869593286,0.16559070367979342,0.11102646868947709
605400,86.97568287808127,2281.6832111925382,-0.39279147235176554,0.30777814790139907
605441,93.31129032258065,2235.451612903226,-0.25951612903225807,0.9719354838709677
605446,84.98421052631579,1868.8947368421052,-0.04726315789473683,0.5592631578947369
605447,91.37611111111111,2246.817777777778,0.04053333333333334,0.5578
605463,88.51153846153846,2411.2100591715975,-0.14683431952662723,0.16230769230769232
605483,90.01367632692934,2294.751872354282,-0.1382806903288831,0.8236535330511234
605488,85.43601895734596,1975.4502369668246,-0.4904265402843602,0.8532701421800948
605498,86.9725,2046.9673076923077,-0.36840384615384614,0.6410192307692307
605513,89.36918918918919,2368.772972972973,-0.23455855855855856,0.3875855855855856
605540,91.79530201342281,2331.152444870566,-0.6637583892617449,0.9884851390220518
605612,60.3551724137931,1602.655172413793,-0.3924137931034483,0.9772413793103448
606149,89.43532796317606,2347.0322209436135,-0.37840046029919444,0.8200805523590333
606160,93.84930384930385,2261.881244881245,-0.8042506142506143,0.8974856674856674
606303,89.70564010743061,2513.775290957923,-0.16846911369740378,0.4073500447627574
606625,88.66250000000001,2317.4375,0.07520833333333334,0.7191666666666666
606930,91.85741626794258,2274.062200956938,0.12985645933014353,0.9158373205741627
606965,85.97172619047619,1925.3392857142858,-0.7920982142857143,0.6315178571428571
607054,56.75581395348837,1134.4883720930231,0.7113953488372093,1.7741860465116281
607067,88.66573705179282,2130.9900398406376,-0.33017430278884463,0.5564442231075697
607074,91.04436557231588,2364.354924578527,-0.1371162377994676,0.8165572315882875
607179,91.82252448313383,2124.6485310119697,-0.1621436343852013,0.7729815016322089
607188,91.56615384615385,2252.2153846153847,-0.1336923076923077,1.1707692307692308
607192,91.5282091917591,2596.0470153195984,0.044416270470153195,0.42134178552562074
607216,90.63875,2174.4,-0.532,0.820875
607237,90.86077981651377,2080.2752293577983,-0.490894495412844,0.8812155963302751
607259,86.79187386294723,2299.741661613099,-0.6022255912674348,0.49292298362644027
607359,86.82341463414633,1986.4146341463415,0.09419512195121951,0.6706341463414633
607455,92.42371794871795,2064.5448717948716,-0.9121794871794873,0.9038461538461539
607457,86.06282051282051,2269.108974358974,0.005769230769230763,0.6990384615384615
607461,54.28636363636363,1180.090909090909,-0.5586363636363637,1.298181818181818
607481,89.09463955637707,2255.7070240295748,-0.06246765249537893,0.056635859519408506
607536,85.6213058419244,2230.3737113402062,-0.46,0.47307560137457044
607625,87.71776929601357,2578.6348600508904,-0.08466921119592875,0.2698642917726887
607644,85.77109144542773,2282.510324483776,-0.46359882005899705,1.2608554572271387
607732,64.64155844155843,1775.7012987012988,-1.1637662337662338,1.2318181818181817
607755,81.35645355850423,2585.931242460796,1.1885283474065138,-0.15615199034981905
607968,86.42628571428571,1995.797142857143,-0.3894571428571429,0.5760857142857143
608032,94.288125,2155.5294642857143,-0.41816964285714286,1.0560714285714285
608328,85.92735426008969,2279.152466367713,0.14834080717488787,0.467085201793722
608331,86.6227195945946,2247.535472972973,-0.026005067567567566,0.21581925675675676
608334,87.82866242038217,2024.2611464968154,-0.6554140127388536,0.39987261146496816
608337,86.84866478165253,1943.3889412503927,-0.447291863022306,0.8868677348413446
608344,87.2477576711251,1950.475216365067,-0.5208654602675059,0.6960267505900866
608348,59.2173076923077,1335.6346153846155,-0.5128846153846154,1.4953846153846155
608371,87.96189573459716,2844.4578199052135,0.4743601895734597,0.8001706161137441
608379,85.78062190175756,1856.5322217214962,-0.6183506083821542,0.8905407841369986
608566,91.6300469483568,2266.5117370892017,-0.5312206572769953,0.7323474178403756
608638,92.10777126099707,2412.6862170087975,-0.7330791788856305,0.4260703812316715
608648,87.3225806451613,2352.7741935483873,0.2832258064516129,0.5061290322580645
608665,92.58167441860465,2304.2837209302324,-0.6774883720930233,0.7091906976744186
608678,91.35417142857142,2432.1965714285716,-0.006399999999999999,0.6142057142857142
608717,89.16032448377581,2708.022123893805,0.11853982300884956,0.6235103244837759
608718,82.85986964618249,2019.6359404096834,-0.28756983240223466,0.8025325884543761
608723,86.49635811836116,2586.858877086495,0.3681942336874051,0.5183156297420334
611093,85.57142857142857,2139.1190476190477,-0.22476190476190477,0.8251587301587302
612434,90.58065802592223,2373.3888334995013,-0.4822333000997009,0.25219341974077764
613534,88.67783933518005,2900.1357340720224,0.47481994459833793,0.047479224376731306
613564,59.468,1557.64,-0.84,1.4731999999999998
614179,91.73613550815558,2120.0250941028858,-0.5082057716436638,0.6184065244667504
615698,89.46046783625731,2007.223976608187,-0.5719707602339181,0.7640994152046783
620454,93.7,2199.4347826086955,-0.4165217391304348,0.9921739130434782
621016,89.74526498696785,2459.587315377932,-0.8668375325803649,0.1517897480451781
621051,86.01644880174292,2511.0893246187366,0.37129629629629635,0.964281045751634
621057,90.27301136363636,2163.1988636363635,-0.36184659090909094,0.8104829545454546
621074,90.14027972027972,2382.942657342657,-0.008153846153846154,0.5258461538461539
621076,87.00817263544536,2064.4729109274563,-0.24234159779614328,0.7062075298438935
621107,86.99533799533799,2240.186091686092,-0.1871212121212121,0.2763364413364413
621112,87.08547784303258,2250.2381206620394,-0.07778964228510413,0.3186545648691938
621139,86.91666666666667,1578.0666666666666,-0.26466666666666666,0.6697777777777778
621199,88.55421686746988,2240.132530120482,-0.24132530120481924,0.4242168674698795
621219,82.1275,2290.0,-0.145,0.186
621237,96.36927223719677,2145.074123989218,-0.577277628032345,0.958921832884097
621244,88.7980565973406,2090.309921581998,-0.397545175588135,0.5269655642686669
621249,89.94642857142857,1993.717261904762,-0.5372916666666667,0.5000892857142857
621294,89.80260586319218,2153.270358306189,-0.6692182410423453,0.38882736156351794
621295,87.26730360934182,2201.6305732484075,-0.07528662420382166,0.6080467091295116
621345,92.08766859344894,2368.9682080924854,-0.25559730250481694,0.8100867052023122
621363,89.72354235423542,2317.4290429042903,0.21426842684268427,1.2096369636963695
621366,87.94981060606061,2323.212121212121,-0.2584848484848485,0.4560416666666667
621368,91.7849358974359,2152.1666666666665,-0.4298717948717949,0.8408333333333332
621381,90.14179658500372,2500.0660727542686,-0.5843652561247216,0.9392501855976244
621383,87.89512922465208,2222.997017892644,0.03997017892644135,0.7229821073558649
621389,85.63871485943775,2141.8353413654618,-1.0268995983935743,0.387277108433735
621433,71.41428571428571,1700.0,-0.5157142857142857,1.6928571428571428
622065,86.64289071680376,2042.2373678025851,-0.7175440658049353,0.31432432432432433
622072,87.26712004730929,1910.0987581312834,-0.8278947368421052,0.30678888231815493
622075,88.99573643410852,2356.3708010335918,-0.0519250645994832,0.5795865633074936
622088,86.07555555555555,2593.4666666666667,0.22544444444444448,-0.10555555555555556
622098,90.33872180451127,2513.4257518796994,-0.25449248120300755,0.9867011278195488
622103,92.03644859813083,2328.0233644859813,-0.2874299065420561,0.8915420560747663
622110,76.40689655172415,1626.1724137931035,-0.7724137931034483,1.073448275862069
622250,90.72220888355344,2219.285714285714,0.09689075630252102,0.3814765906362545
622251,90.72813370473538,2412.8467966573817,0.039721448467966575,0.5863509749303621
622259,90.02459546925566,2016.3754045307444,-0.30889967637540455,0.5081229773462783
622491,92.5921239509361,2205.5703679793414,-0.925510006455778,0.5915267914783732
622503,81.80704845814978,1935.4229074889868,-0.5511894273127753,0.19541850220264317
622554,95.32147024504084,2326.154025670945,-0.4599066511085181,0.8837339556592766
622569,55.935,1550.925,-0.386,1.4285
622608,90.35416666666667,2082.741666666667,-0.3596666666666667,0.8380833333333333
622663,91.55693251533742,2226.157055214724,-0.30398159509202455,0.7934110429447853
622766,90.46153846153847,2177.6778846153848,-0.7103365384615384,0.5471153846153846
622772,94.28359375,2222.638671875,-0.76705078125,0.710703125
622780,90.60408997955011,2463.8793456032718,-0.11394683026584868,1.064437627811861
623149,88.59990138067062,2497.3678500986193,-0.09846153846153846,0.9766666666666667
623167,87.47531157270029,2098.06587537092,0.07148961424332345,0.7854836795252226
623211,91.422049689441,2168.12215320911,-0.8800931677018633,0.5418426501035196
623352,93.43637254901961,2178.6039215686274,-0.4568921568627451,1.2154803921568627
623381,85.97118644067797,2301.237288135593,0.18372881355932202,0.7150847457627119
623433,87.47992700729927,2015.815693430657,-0.14175182481751827,0.587956204379562
623437,90.33886756238005,2267.943378119002,-0.44465451055662186,0.17267754318618042
623451,87.86238938053098,2273.8141592920356,-0.16411504424778764,0.3973451327433628
623465,90.53344481605352,2426.1950947603123,0.20501672240802676,0.5892307692307692
623474,83.9118609406953,2560.693251533742,0.16081799591002044,0.30930470347648265
623507,58.92777777777778,1595.2777777777778,-0.7822222222222223,1.5122222222222221
624133,87.18565737051792,1914.1299800796812,-0.4998505976095618,0.3366683266932271
624522,89.75334773218144,2577.902807775378,0.11641468682505399,0.6673434125269979
624647,91.66659959758552,2196.7102615694166,-1.0087927565392354,0.36786720321931593
625643,94.45926870748299,2214.3528911564626,-0.3817517006802721,0.9586479591836734
628317,85.33714622641509,2108.771816037736,-0.2960141509433962,0.43109669811320755
628452,91.43367816091954,2232.4747126436782,-0.7716781609195402,0.7223103448275862
628708,92.89799139167863,2477.568149210904,-0.5957819225251076,0.5765279770444763
628711,87.10515288788223,2490.5130237825592,0.13817667044167609,0.7029105322763306
629498,93.8,2377.125,-0.5434375,0.931875
630023,89.60501872659175,1899.9970037453184,-0.7973707865168539,0.5169363295880149
640444,88.84237288135593,2427.361581920904,0.07214689265536722,0.6131638418079096
640448,94.96928769657724,1795.0721554116558,-0.8148936170212766,0.9496207215541165
640451,93.90969441517387,1929.4394099051633,-0.46824025289778715,0.8150790305584826
640454,86.85151515151514,2210.10101010101,-0.7194949494949495,0.1304040404040404
640455,89.46747404844291,1958.4453781512605,-0.7690014829461197,0.632679189322788
640462,90.69614973262031,2239.120855614973,-0.30416042780748664,0.7529411764705882
640470,90.73273305084746,2428.3591101694915,-0.1053072033898305,0.6904978813559323
641149,89.32840909090909,2355.8977272727275,-0.41545454545454547,0.2838636363636364
641154,89.66047147249745,2302.765288691493,-0.22939528527502565,0.4722787837376153
641302,86.68703976435935,2188.0029455081003,-0.4234462444771723,0.9270544918998528
641329,90.62177314211212,2224.336375488918,-0.12264667535853978,1.096949152542373
641360,90.96185737976782,2319.5538971807628,-0.19753731343283581,0.9753731343283581
641401,88.00600775193799,2214.8701550387595,-0.8312984496124031,0.8608914728682171
641420,88.80133333333333,2574.88,0.0312,0.5374666666666666
641427,90.57383177570092,2520.6822429906542,-0.18345794392523362,0.47158878504672896
641447,86.42463768115942,2307.1884057971015,-0.22086956521739132,0.5649275362318841
641482,87.60637898686679,2331.7570356472797,0.1051125703564728,1.0736960600375234
641525,49.57142857142857,1083.2857142857142,0.7657142857142857,1.2485714285714287
641540,87.01416883599852,2118.0078095946446,-0.507831907772406,0.39164001487541833
641585,86.65306957708049,2420.881309686221,0.08367439745338791,0.5497544338335607
641627,90.66578108395323,2084.8533475026566,-0.46512221041445273,0.6746227417640808
641645,69.10833333333333,1419.8333333333333,-0.3625,1.3791666666666667
641656,91.7080412371134,1847.4134020618558,-0.43672164948453607,0.6198041237113402
641672,89.81292372881356,2350.955508474576,-0.2954449152542373,0.5953389830508474
641703,90.04,2092.6369942196534,-0.3974913294797688,0.8913872832369941
641712,88.63381458966566,2254.778875379939,-0.4032674772036475,0.42983282674772033
641729,91.52641711229946,2334.2459893048126,-0.42827807486631014,0.9848342245989306
641743,90.62532751091703,2505.8951965065503,-0.09091703056768559,0.7200873362445415
641745,88.95103448275862,2323.9494252873565,0.20193103448275862,0.2546896551724138
641755,93.0281879194631,2444.010067114094,-0.22936241610738253,0.7932214765100671
641771,88.37994791666667,2391.9583333333335,-0.21678385416666668,0.49145833333333333
641778,86.71411625148279,2214.1992882562276,-0.2958718861209964,0.8445432977461448
641793,89.3178947368421,1904.575939849624,-0.3800075187969925,0.7920375939849624
641816,88.66219512195121,2287.1853658536584,-0.47265853658536583,0.9465853658536586
641835,91.67879948914431,2111.1749680715197,-0.9971647509578544,0.5000766283524904
641871,89.1880701754386,2172.885380116959,-0.5934736842105264,0.6822339181286549
641927,86.26110872367856,2199.054146970348,-0.4500515685431887,0.7305156854318866
641941,91.77094339622641,2391.6141509433965,-0.35247169811320755,1.0185377358490566
642048,87.2612452350699,2315.463786531131,-0.7803557814485388,0.18786531130876746
642100,91.25869565217391,2084.5089514066494,-0.7783375959079284,0.4907033248081842
642121,87.653125,2024.90625,-0.8128125,0.98546875
642133,57.84615384615385,1507.8461538461538,-0.8923076923076922,1.146923076923077
642207,88.08627243928194,2533.20696937698,-1.3082998944033792,0.48615628299894403
642216,85.19400749063671,2173.065543071161,-0.5931273408239701,0.3895318352059925
642231,89.55194805194805,2345.134199134199,-0.7993073593073593,0.3175324675324675
642232,80.84454609429979,1983.5109078114003,-0.3160450387051372,0.664771287825475
642239,87.36586021505376,2360.483870967742,-0.016827956989247307,0.7583870967741936
642397,94.18905419766206,2369.538788522848,-0.7232306057385759,0.6683103081827843
642528,95.38547008547009,2322.3333333333335,-1.1054700854700854,0.7564102564102564
642545,88.17067669172933,2104.3804511278195,-0.10902255639097744,0.8477368421052631
642546,92.25198487712666,2294.194706994329,-0.6549905482041588,0.3344234404536862
642547,88.78784783374428,2265.5403311025007,-0.28797463895737935,0.7132018316308559
642578,90.14583333333333,2229.1875,-0.856875,0.39125000000000004
642585,96.25871848739496,2050.872899159664,-0.5154201680672269,1.363203781512605
642701,90.44818181818181,2410.4,-0.7661363636363637,0.6916818181818182
642758,88.49803921568628,2047.7124183006536,-0.9905228758169935,0.7742483660130719
642770,94.00847457627118,2305.045197740113,-0.5976553672316384,0.8204237288135593
643256,82.24431818181819,2234.215909090909,-0.4597727272727273,0.25196022727272727
643338,91.18461538461538,2444.866666666667,-0.14774358974358973,0.865948717948718
643361,86.93133971291867,2109.404306220096,-0.6107177033492823,0.8684688995215311
643377,90.75366795366796,2634.669884169884,0.21400579150579152,0.27738416988416986
643396,71.19607843137256,1583.450980392157,-0.37980392156862747,1.3133333333333335
643410,86.90394610202117,1663.0895091434072,-0.44753609239653513,0.5191530317613089
643493,88.1186577181208,2466.3342281879195,0.01559731543624161,0.4208993288590604
643511,78.0469890510949,2120.300182481752,0.41077554744525546,0.1313686131386861
645261,94.09980923311713,2225.766501335368,-0.9892483784814957,0.5606905761159863
645444,58.444736842105264,1370.8157894736842,-0.5128947368421053,1.3876315789473683
645801,64.6952380952381,1319.0238095238096,-0.520952380952381,1.1985714285714284
646241,88.49485294117646,2245.779411764706,-0.8163235294117647,0.6472058823529412
646242,84.865625,2271.46875,-0.22800000000000004,0.4653125
647315,91.69725274725276,2286.1703296703295,-0.7295054945054945,0.07027472527472528
647336,88.29273743016759,2425.065176908752,-0.5807448789571695,0.734171322160149
650489,47.30555555555556,1173.3333333333333,0.6244444444444445,1.473611111111111
650496,91.22476635514018,2288.532710280374,-0.5179439252336449,0.20644859813084113
650556,91.65977984758679,2692.9618966977137,0.17991532599491955,0.4009737510584251
650633,89.60203349282297,2444.1184210526317,-0.34758971291866025,0.5901973684210526
650644,86.39900099900099,2610.2492507492507,0.10140859140859142,0.3264635364635365
650671,93.18333333333334,2143.551282051282,-0.5341025641025642,1.1731410256410255
650893,91.34820457018499,2193.538628944505,-0.38782372143634386,0.7749075081610446
650895,88.88607594936708,2065.1962025316457,-0.48886075949367086,0.44746835443037974
650907,60.76153846153846,1569.5384615384614,-0.6138461538461539,1.8996153846153847
650911,86.76103092783505,1971.846735395189,-1.1449759450171821,0.07351890034364261
650960,91.81033274956216,2395.3765323992993,-0.38238178633975484,0.8283362521891419
656061,93.3272030651341,2130.6810344827586,-0.7582183908045977,0.9338409961685823
656222,91.15178082191781,2026.3657534246574,-0.8273150684931507,0.8923972602739727
656232,88.2423936553713,2230.8485940879596,-0.47843547224224947,0.3856452775775054
656234,90.62852983988356,2272.599708879185,-0.0916957787481805,-0.012372634643377001
656257,88.17887740029542,2647.0841949778433,0.18917282127031018,0.8527621861152143
656266,89.88415841584158,2261.168316831683,-0.5964356435643564,-0.08306930693069307
656271,92.42339449541284,2187.5883027522937,-0.6160091743119266,1.0260894495412844
656288,90.15768858800774,2279.520309477756,-0.3774661508704062,0.3787330754352031
656290,89.44559270516717,2115.191489361702,-0.9126747720364741,0.7385714285714285
656302,89.01174803149605,2613.914960629921,-0.010362204724409449,0.5896629921259843
656322,91.9891156462585,2163.78231292517,-0.5380952380952381,0.8274149659863945
656353,86.50723606168447,2073.542111506524,0.2568920521945433,0.48117437722419926
656382,91.73607954545454,2130.755681818182,-0.31426136363636364,0.7646022727272727
656412,87.91702127659575,2421.538684719536,-0.4841779497098646,0.6935203094777563
656427,86.9471303686811,2352.6145952109464,0.28774230330672745,0.4160965412390726
656457,88.62281368821293,2234.8098859315587,-0.20912547528517111,0.5467300380228136
656464,91.75547024952014,2394.136276391555,-0.40075815738963527,0.5894145873320537
656529,88.79835487661573,2212.93419506463,-0.08712103407755582,0.13849588719153935
656546,91.46846950517838,2511.738780207135,-0.3851668584579977,0.49265822784810126
656557,88.86656959813628,2296.1391962725684,-0.2508444962143273,0.04997087944088526
656578,90.1718,2110.184,-0.6030800000000001,0.81223
656605,90.04359229747675,2454.965803452855,-0.12703187250996015,0.5201361221779549
656629,91.31007016095748,2400.349979364424,-0.40830788278992985,0.9074948411060669
656638,90.02497816593888,2159.867248908297,-0.5395633187772926,0.07426200873362446
656641,90.00104166666667,2192.5625,-0.4638541666666667,1.0338541666666667
656657,86.61907514450867,2032.8034682080925,-0.6558381502890173,0.4973410404624278
656669,54.85,1530.5714285714287,-0.27999999999999997,1.5707142857142855
656716,80.0,1964.0454545454545,-0.6222727272727272,1.4645454545454546
656730,95.42237061769616,2613.2687813021703,-0.166110183639399,0.8529716193656094
656731,90.1590237348858,2082.771159874608,-0.4120824003582624,0.6365069413345276
656756,88.11993801652892,2131.656680440771,-0.7184676308539945,0.6462741046831956
656786,86.43294117647059,2579.894117647059,0.5791372549019608,0.15729411764705883
656793,90.35652173913044,1963.1014492753623,-1.0423188405797101,0.8655072463768115
656794,88.22607142857143,2449.885714285714,0.06424999999999999,0.40964285714285714
656814,87.56421404682274,2349.4214046822744,-0.04224080267558528,0.2842809364548495
656818,86.9685,2088.15,-0.7655500000000001,0.59035
656820,87.161,2410.51,0.5056,-0.1151
656849,88.2628662759723,2101.6883324453916,-0.6420085242408098,0.51378263185935
656876,90.09250374812594,2618.575712143928,0.16970014992503749,0.4240179910044977
656887,93.13841463414634,2097.9573170731705,-0.47371951219512193,0.9940853658536586
656924,88.76153846153846,2191.3846153846152,-0.6392307692307693,0.2776923076923077
656945,92.96070528967255,2668.63811922754,0.12436607892527288,0.587968094038623
656970,83.4803324099723,2087.8836565096954,-0.3758725761772853,0.4398891966759003
656981,89.24703389830508,2208.3008474576272,-0.06733050847457628,0.6333050847457627
656986,91.07785714285714,2162.9928571428572,-0.19221428571428573,0.8925714285714286
657006,88.75667828106853,2484.385210994967,0.45303135888501744,0.5693883081687959
657024,88.35307692307693,1753.6798076923078,-0.7151538461538461,0.8682403846153847
657031,88.3466275659824,2217.6774193548385,0.15589442815249266,0.5617888563049853
657041,76.15714285714286,1694.4285714285713,-0.4257142857142857,0.9814285714285714
657044,86.27336343115124,2077.7562076749437,-0.26670428893905196,-0.1162528216704289
657053,87.04933920704845,2170.259911894273,-0.39410320956576467,0.1667526746381372
657093,86.28444444444445,2172.3444444444444,-0.007777777777777775,0.6364444444444445
657097,89.83510292524377,2400.1950162513544,-0.4743661971830986,0.9271830985915492
657140,88.3479094076655,2350.8379790940767,-0.3135714285714286,-0.061655052264808365
657240,91.04253915910965,2267.9200329760924,-0.22616652926628192,0.4963643858202803
657248,86.0203125,2428.4427083333335,0.5672916666666666,0.47635416666666663
657265,87.4339593114241,2400.9687010954617,-0.40338028169014084,0.5337558685446009
657272,88.10303030303031,2229.0,-0.5496969696969697,0.26212121212121214
657277,88.6183660130719,1853.4957516339869,-0.6531666666666667,-0.09077124183006535
657376,88.89131880310306,2772.727004063539,0.33802364240857036,0.30366826745474695
657424,89.82100840336135,2201.840336134454,0.23949579831932774,0.7409243697478992
657508,92.95691588785046,2268.010280373832,-0.3210373831775701,0.7201682242990655
657514,85.06593279258401,2311.8852838933954,-0.12119351100811124,0.220162224797219
657571,92.54602870813397,2467.536842105263,-0.19504306220095693,0.7846220095693779
657585,92.09250720461095,2255.6541786743514,-0.298328530259366,0.7051873198847262
657612,89.20185979971387,2128.5679542203147,-1.3279828326180256,0.020758226037195994
657697,88.37407407407407,2627.9074074074074,0.05833333333333334,0.6561111111111111
657746,88.11080777860882,2045.1421091997008,-0.6164285714285714,0.7658638743455498
657756,88.54781771501925,2171.84082156611,-0.5040308087291399,0.6901604621309371
658648,87.79486033519552,2189.537430167598,-0.3060782122905028,0.34030167597765365
659275,90.6663807890223,2477.1440823327616,-0.38955403087478563,0.6326072041166381
660261,94.61764705882354,1865.2216642754663,-0.6241750358680057,0.7540961262553803
660271,89.44092741935484,2296.6814516129034,0.3179233870967742,0.5495564516129032
660431,89.24117647058823,2287.294117647059,-0.023529411764705868,0.66
660593,86.54079320113316,2054.1614730878186,-0.24643059490084984,0.7958923512747875
660634,63.54,1545.8,-0.077,1.274
660730,88.61489361702127,2450.255319148936,-0.24744680851063827,1.0191489361702126
660761,86.53774509803921,2183.5065359477126,-0.4713235294117647,0.8428104575163398
660787,92.1739240506329,2069.2911392405063,-0.9900759493670885,0.5558987341772152
660813,95.51969860064585,2178.9063509149623,-0.5953390742734124,0.5863293864370291
660825,88.65,2265.874074074074,0.15507407407407406,0.4824444444444444
660853,91.39569471624266,2210.820939334638,-0.6402152641878669,0.7214872798434443
660896,90.94380952380952,2379.7174603174603,-0.5304761904761904,0.8097777777777778
660906,87.39220779220778,2127.2694805194806,-0.44321428571428567,0.7469805194805195
661309,89.38462354188759,2123.2195121951218,-1.0932979851537645,0.31415694591728527
661383,88.2050209205021,2365.8828451882846,-0.07238493723849372,0.38435146443514645
661395,96.9977977977978,2156.3753753753754,-0.5984184184184185,0.3793993993993994
661403,96.50932126696833,2620.0325791855203,0.42424434389140275,0.589972850678733
661440,90.40418679549114,2252.599033816425,-0.4184702093397746,0.4203703703703704
661527,86.9679572763685,2145.6608811748997,-0.4258878504672897,0.6341789052069426
662253,93.82153465346535,2236.858910891089,-0.421930693069307,0.5721163366336633
663158,94.36636971046771,2146.476614699332,-0.9236748329621381,1.0812472160356348
663321,84.07901234567902,2470.246913580247,0.19999999999999998,0.6940740740740741
663362,84.9147102526003,1631.8632986627042,-0.28667161961367016,0.5135215453194651
663372,89.86230569948187,2227.164507772021,-0.2898056994818653,0.5948445595854923
663385,90.64444444444443,2149.1769547325102,-0.8408641975308643,0.4748559670781893
663423,86.93960612691467,2705.8074398249455,0.4659080962800875,0.41820568927789936
663432,92.17222222222222,2402.3888888888887,-0.1288888888888889,0.8555555555555556
663455,90.1725,2150.5,-0.69675,1.157
663460,86.0635593220339,2137.75,-0.3504237288135593,0.5529237288135593
663462,89.83417190775681,2597.6750524109016,0.16964360587002097,0.6519496855345912
663465,83.88140703517588,1988.6984924623116,-0.1085427135678392,0.4717085427135679
663474,88.66633333333334,2234.5733333333333,0.010466666666666666,1.0527
663485,88.9409200968523,2191.242130750605,-0.48447941888619855,0.43077481840193704
663542,90.91829268292683,2251.012195121951,-0.3068292682926829,0.9230487804878048
663546,90.58438735177864,2000.1600790513835,-0.7266996047430829,0.1066205533596838
663556,90.73402657423455,2125.423454650491,-0.6034604274985557,0.6774119006354707
663558,87.68504672897197,2019.8117489986648,-0.6237917222963952,1.004419225634179
663559,85.91267387944359,1950.627511591963,0.020038639876352394,0.8232534775888717
663562,89.28497495826377,2207.228714524207,-0.607762938230384,0.5437395659432387
663567,89.0677237491191,2116.019732205779,-0.3112896405919662,0.7372797744890769
663574,90.31111111111112,2064.537037037037,0.11185185185185186,0.28907407407407404
663623,89.81300280636108,2333.340972871843,-0.45415809167446214,0.5376520112254444
663629,88.01827956989247,1920.268817204301,-0.4951612903225807,1.2991397849462365
663630,36.06666666666667,950.8888888888889,0.4772222222222222,1.7627777777777778
663658,87.605,2297.372058823529,-0.004441176470588234,0.3551764705882353
663687,87.3971119133574,2224.688628158845,-0.5819404332129964,0.8477075812274368
663704,87.56283185840708,2485.637168141593,0.03823008849557522,-0.19238938053097346
663738,88.26034696406444,2014.8909541511773,-0.38966542750929367,0.8995415117719949
663752,89.27804878048781,2302.3475609756097,-0.11134146341463416,0.661890243902439
663753,88.51229508196721,2131.9590163934427,-0.1725409836065574,0.5568032786885246
663765,87.5835648148148,2196.953703703704,-0.2871875,0.21656250000000002
663773,90.08233183856503,2054.873542600897,-0.8472107623318386,0.30548878923766815
663776,87.12481667309919,2129.7437282902356,-0.29226167502894634,0.6816943265148592
663804,90.37904929577465,2192.705985915493,-0.7932570422535211,0.5452464788732394
663855,96.85260170293283,2224.9508041627246,-0.7008136234626301,0.6043897824030274
663878,92.87133152173914,2408.0176630434785,-0.10158967391304348,0.7657608695652174
663897,52.63333333333333,1331.1666666666667,-0.7216666666666667,1.7083333333333333
663903,88.34640799077988,2293.7038033038802,-0.5012562427967729,0.47759892431809453
663941,88.38661478599222,2341.193774319066,0.25494941634241247,0.47666147859922176
663947,86.98488664987406,2137.2804366078926,-0.2726028547439127,0.6874811083123425
663971,89.24545454545454,2422.6363636363635,-0.10090909090909092,-0.07
663978,88.80126582278481,2130.025316455696,-0.7469620253164557,0.6343037974683544
663986,90.26990027198549,2201.0507706255667,-0.39364460562103354,0.7632003626473255
663989,85.67029702970298,2364.480198019802,0.5444554455445545,0.1652970297029703
663992,88.50432432432432,2336.2135135135136,-0.2874864864864865,0.594945945945946
664028,89.64919093851132,1918.168284789644,-0.9947896440129449,0.8193527508090616
664062,87.09188701923077,2117.6177884615386,-0.5875360576923077,0.5173617788461539
664076,88.46220095693779,2547.5837320574165,-0.07966507177033492,0.28186602870813393
664126,92.78127600554785,2479.2468793342578,0.1572260748959778,0.4876421636615811
664129,92.30151515151515,2399.3939393939395,-0.6774242424242425,0.7418181818181818
664139,91.16850459482038,2290.8563074352546,0.05164578111946533,0.9508521303258146
664192,86.98602620087337,2162.6622998544394,-0.6412372634643376,0.6974090247452693
664199,89.56882629107982,2169.476995305164,-0.005136150234741786,0.616356807511737
664202,91.48461538461538,1916.8461538461538,-0.49461538461538457,1.1538461538461537
664208,80.6356862745098,2822.950980392157,1.0706764705882352,-0.0012058823529411762
664285,89.59023272214387,2318.8078279266574,-0.6151727785613541,0.14960507757404798
664294,87.55255863539446,2054.228144989339,-0.7815991471215352,0.47820895522388057
664299,87.18933333333334,2399.768288288288,0.10273513513513513,0.925772972972973
664353,87.74501372369625,2334.412625800549,-0.37554437328453794,0.8517749313815187
664744,88.89200000000001,2084.6,-0.3048,0.9292
664747,90.9405684754522,2598.012919896641,-0.20764857881136953,0.6418087855297158
664776,87.64999999999999,2489.9356435643563,-0.07658415841584158,0.31554455445544555
664849,83.62666666666667,2537.696296296296,-0.09222222222222223,0.256
664854,94.52611683848797,2551.407216494845,-0.0014432989690721654,0.8644501718213059
664874,60.0,1418.3333333333333,-0.875,1.5283333333333333
664875,89.74508268059182,2631.879895561358,-0.07548302872062664,0.1467188859878155
664901,60.284210526315796,1524.5263157894738,-0.5042105263157894,1.4907894736842104
664942,88.10844155844157,2039.0292207792209,-0.14805194805194805,0.0998051948051948
664948,86.75083333333333,2426.2166666666667,0.11029166666666666,0.2870416666666667
665001,83.26654411764706,2308.408088235294,-0.39125,0.40959558823529413
665019,51.643902439024394,1231.0,0.0034146341463414704,1.548048780487805
665048,88.43914285714285,1774.077142857143,-0.7135428571428571,0.5352
665152,89.82761219595751,2271.3138060979786,-0.46172661870503595,0.777852004110997
665620,89.36955017301038,2301.0034602076125,-0.4370242214532872,0.7624567474048443
665622,90.71142401700318,2241.4824654622744,-0.36307651434644,0.6432943676939427
665625,93.25169769989047,2182.305585980285,-0.57065717415115,0.0871960569550931
665665,85.95436893203885,2172.7281553398057,-1.138220064724919,0.20912621359223302
665734,90.1983870967742,2146.842741935484,-0.511491935483871,0.3198790322580645
665795,91.83059743160246,2189.0435510887773,-0.5509603573422669,0.5283528754885539
665871,89.00750733137829,2049.188856304985,-0.21783577712609972,0.7113665689149561
665896,92.94971098265896,2177.3294797687863,-0.8624855491329481,0.7405202312138729
666129,86.35531655844156,2132.6631493506493,-0.23845779220779217,0.2439163961038961
666142,90.67997465145754,2394.459442332066,-0.622211660329531,0.7022243346007604
666154,87.8627147766323,2011.5584192439862,-0.6054810996563573,0.5990893470790378
666157,87.59796238244515,2416.7241379310344,-0.4906739811912226,0.4697021943573668
666159,87.15910245554615,2168.4064352243863,0.21838272650296361,0.7223878069432684
666168,90.61423570595099,2266.9124854142356,-0.6559743290548424,0.36189031505250874
666200,91.54699170124482,2200.254840940526,-0.8869640387275242,0.7200380359612725
666201,88.19645345155162,2209.982267257758,-0.36360987967067765,0.7348195060164661
666204,86.11925133689839,2225.1417112299464,-0.16807486631016041,0.6071122994652407
666205,89.65971014492753,2254.8282608695654,-0.2851884057971015,0.5835797101449276
666207,93.22,2158.6,-0.4,0.145
666208,92.32461538461538,2645.7846153846153,0.176,0.2509230769230769
666214,87.55789200415369,2279.867601246106,-0.5118691588785047,0.6635410176531672
666277,89.0971098265896,2339.6601156069364,-0.24035838150289016,0.4439653179190751
666364,89.55076530612246,2019.9770408163265,-0.20778061224489797,0.5599234693877552
666374,92.11106750392464,2626.140502354788,0.28597331240188384,0.5148665620094192
666619,94.78515325670497,2454.47030651341,-0.2032183908045977,0.3382471264367816
666720,91.47553956834533,2413.2122302158273,-0.4372302158273381,0.933525179856115
666721,88.66058823529411,2097.9470588235295,-0.6709705882352941,0.7171764705882353
666745,90.75658807212206,2001.750346740638,-0.8243411927877947,0.6176907073509016
666808,95.30177619893428,2463.6101243339253,-0.4468561278863233,0.5131793960923624
666818,91.80556586270872,2187.812615955473,-0.01398886827458256,0.7410575139146568
666974,93.58940594059406,2079.550495049505,-1.2104752475247524,-0.06679207920792078
667427,89.45371428571428,2248.654285714286,-0.21182857142857142,0.9372857142857143
667463,89.40948766603417,1958.7931688804554,-1.2031499051233396,0.11322580645161291
667755,92.76081081081081,2091.2822822822823,-0.22680180180180182,0.05666666666666667
668338,88.1322869955157,2318.0896860986545,0.042600896860986545,0.48327354260089683
668470,92.74285714285715,2298.0,-0.23714285714285713,0.9842857142857142
668665,90.23888888888888,2258.1604938271603,0.10458847736625514,1.1013168724279836
668674,94.20324118207817,1961.8760724499523,-0.897445185891325,0.7533365109628217
668676,86.77154471544716,1998.9918699186992,-0.4393224932249323,0.9943360433604337
668678,89.52814086294417,2232.2192258883247,-0.14948286802030458,0.6238769035532995
668754,88.26754385964912,2374.3684210526317,-0.2187719298245614,0.6263157894736843
668834,85.3796875,2163.46875,-0.4,0.44984375
668868,87.17594050743658,2101.7182852143483,-0.1611811023622047,0.3360629921259843
668873,89.49302325581395,2123.813953488372,-0.13286821705426358,0.5417829457364342
668881,93.35771342985522,2318.7528706939593,-0.42322016974538196,0.8220868696954569
668909,89.57049062049062,2217.962481962482,-0.31951659451659453,0.5738961038961039
668933,93.05614489003881,2572.8486416558862,0.4497197067701596,0.34933160845191896
668941,89.91773308957953,2094.414990859232,-0.7526142595978063,0.48669104204753205
668942,59.7,1372.111111111111,-0.4381481481481482,1.0662962962962963
668970,89.68140350877194,2471.2877192982455,-0.26317543859649123,0.5120175438596491
668984,90.58138528138528,2396.08658008658,-0.5131168831168831,0.9026839826839828
669022,91.32289795918368,2229.7526530612245,-0.2223387755102041,0.870473469387755
669060,89.96698440207972,2163.829289428076,-0.2830935875216638,0.7035961871750434
669084,91.04582210242587,2254.0727762803235,-0.37684636118598386,0.7799191374663074
669093,93.75105485232068,2295.6118143459917,-0.17324894514767933,1.4836708860759493
669105,88.57578947368422,1893.3368421052633,-0.5228421052631579,1.0906315789473684
669111,91.85636363636364,2276.2363636363634,-0.2210909090909091,0.6054545454545454
669145,85.61682242990655,2300.803738317757,-0.506822429906542,0.19584112149532712
669160,93.84790697674418,2510.232558139535,-0.5463255813953488,0.65615503875969
669165,91.34166666666665,1534.5833333333333,-0.8304166666666667,0.7108333333333333
669169,87.92669683257918,2355.601809954751,-0.06135746606334841,0.4326244343891403
669194,89.07388345384943,2200.293492131008,-0.12301999149298172,0.8718970650786899
669203,90.7018175698418,2616.5075732076743,0.18500504880511612,0.5062268596432178
669211,90.4552995391705,2224.926267281106,-0.7268663594470045,0.9959447004608295
669212,86.14798628963153,2185.2733504712937,-0.6410025706940874,0.7958611825192802
669270,91.58659793814432,2103.494845360825,-0.7180412371134022,0.6189690721649485
669276,87.12705570291777,2080.1432360742706,-0.2558620689655172,0.9507161803713529
669302,90.03691252144081,1883.6476843910807,-0.20664150943396226,0.5134716981132076
669330,87.63199365415124,2422.3083024854573,-0.15692226335272344,0.946329984135378
669373,89.95965488907149,2007.113393590797,-0.5514461791290057,0.7133771569433032
669387,91.6700325732899,2266.013029315961,-0.3711889250814332,0.5470032573289902
669391,88.8220588235294,2352.294117647059,0.1176470588235294,0.5870588235294117
669395,88.57777777777778,2450.188888888889,0.5602777777777778,0.6446111111111111
669424,87.74196428571429,2315.2380952380954,-0.25245535714285716,0.4903422619047619
669432,89.81515151515151,2068.3030303030305,-0.9596666666666667,0.6713939393939394
669438,85.90876068376069,2134.2286324786323,-0.5917628205128205,0.4338354700854701
669456,87.33721179624665,2341.511528150134,-0.07896514745308311,0.5702680965147453
669459,87.82658823529412,2520.318823529412,0.1424235294117647,0.5436117647058823
669461,88.73413173652695,2322.916167664671,-0.25067864271457085,0.468063872255489
669467,92.05297891842346,2349.185151237397,-0.0625114573785518,0.2566177818515124
669618,88.37006802721088,2381.2585034013605,0.0761904761904762,0.9279591836734694
669674,87.22487113402062,2314.167525773196,-0.20152061855670103,0.4127448453608248
669684,87.40708478513356,2287.5447154471544,0.1178281068524971,0.5063530778164925
669711,89.60722543352601,2333.6965317919075,-0.2822254335260116,0.5582658959537572
669713,88.50784583620096,2294.3062629043357,0.09179628355127323,0.4449070887818307
669721,87.32385321100917,2172.091743119266,0.0022935779816513793,0.6830275229357798
669724,90.5932584269663,1920.4831460674156,-0.7448314606741574,0.3658426966292135
669796,87.41699650756694,2026.7520372526194,-0.36416763678696157,0.49742724097788127
669854,90.19922651933702,2133.4707182320444,-0.2459447513812155,1.0147513812154696
669912,87.97958115183245,2506.261780104712,-0.5820418848167539,0.28643979057591623
669923,91.59658605974396,2154.6411806543388,-0.36360241820768135,0.5328307254623044
669947,86.72404975812024,2156.945404284727,0.16087767795438837,0.5019765031098825
669952,89.31185770750989,2259.4664031620555,0.04312252964426878,0.5421343873517787
670032,60.333333333333336,1272.8333333333333,-0.4816666666666667,1.2366666666666666
670036,87.80564102564102,2471.348717948718,0.5235384615384615,0.7092820512820512
670042,53.119512195121956,1207.7317073170732,0.14170731707317075,0.928780487804878
670046,85.08360957642726,1974.8011049723757,-0.5647697974217312,0.9359484346224678
670059,92.82524698133919,2340.1953896816685,-0.3302854006586169,0.6058287596048298
670097,62.65567010309279,1471.5257731958764,-0.36556701030927835,1.5524742268041238
670102,86.23692022263451,2534.408163265306,0.20584415584415586,0.5025231910946197
670124,88.8257281553398,2136.364077669903,-0.07276699029126213,0.6220873786407767
670156,74.07058823529412,1835.0588235294117,-1.041764705882353,1.5229411764705882
670167,88.05152625152625,2320.4517704517702,-0.14445665445665445,0.2781562881562882
670174,91.68805860805861,2134.367032967033,-0.3114725274725275,0.36136263736263735
670183,92.08629032258065,2380.8629032258063,-0.5904032258064515,1.211532258064516
670241,85.35454545454546,2063.6753246753246,-0.3385714285714286,0.9230519480519481
670280,90.96157407407408,2310.410185185185,-0.3219074074074074,0.7257777777777779
670329,90.43646616541353,2347.6015037593984,-0.6274436090225564,0.9211654135338346
670712,64.68666666666667,1592.3,-0.2366666666666667,1.0716666666666665
670766,83.66785714285713,2234.910714285714,0.004910714285714294,0.6062500000000001
670810,89.7,2118.483695652174,-0.2903804347826087,0.5982065217391304
670871,94.3,2456.4883720930234,-0.3132558139534884,0.5988372093023255
670912,90.46395973154361,2343.2291946308724,-0.19380872483221476,0.48742617449664427
670950,86.98134715025907,2441.3878608438195,-1.0105181347150258,0.8783863804589194
670955,90.64489795918368,2205.1632653061224,-1.0179591836734694,0.5936734693877551
670970,90.52437499999999,2446.2,-0.0738125,0.7383124999999999
670990,91.69451476793249,2229.3150492264417,-0.7612376933895921,0.2750914205344585
671096,88.098093220339,2356.5164194915255,-0.2384216101694915,0.8626218220338984
671106,86.1054219707685,1919.924092409241,0.1331117397454031,0.6872984441301273
671111,83.61952506596306,2126.519788918206,-0.5732981530343008,0.29778364116094985
671131,91.58150289017341,2197.407514450867,-0.8332947976878613,0.6603757225433526
671212,93.10249999999999,2469.3541666666665,-0.08808333333333333,0.681625
671345,95.04142581888247,2002.6965317919075,-1.1169749518304433,0.41182080924855496
671737,90.53476347634763,2209.4741474147413,-0.10458745874587458,0.6696809680968097
672282,88.20115696104898,2123.5314307751637,-0.2264365599691477,0.43027767065175476
672335,91.88333333333333,2338.775462962963,-0.2437615740740741,0.37903935185185184
672391,92.90581717451524,2342.994459833795,-0.3167313019390582,1.0793351800554016
672578,94.05180623973727,2221.371921182266,-0.5098522167487685,0.8950410509031199
672582,91.05233380480905,2023.4922206506365,-0.6869024045261669,0.5923762376237623
672710,87.32892199824715,2460.6617002629273,0.09127957931638914,0.4451007887817704
672715,90.90522193211487,2205.229765013055,-0.48234986945169717,0.7920626631853787
672730,91.36829268292682,2185.682926829268,-1.0166463414634146,0.4017073170731707
672782,89.20333333333333,2435.9,0.02299999999999999,0.5756666666666667
672841,96.60317460317461,2296.6984126984125,-0.4942857142857143,0.5820634920634921
672851,89.8827922077922,2217.2261904761904,-0.5313636363636364,0.5601190476190475
672860,90.44390243902438,2356.243902439024,-0.0326829268292683,0.6960975609756097
673111,91.49411764705881,2147.3529411764707,-0.5417647058823529,1.127058823529412
673540,89.39235463029434,2094.372577171572,-0.30035175879396986,0.7217336683417085
673858,87.1842105263158,1940.982456140351,0.07228070175438597,0.3347368421052631
674003,87.25759753593428,2043.906570841889,-0.6769609856262834,1.2062217659137575
674072,86.24372294372294,2043.7150072150073,-0.268989898989899,0.5561616161616162
674285,90.60041841004184,2050.73640167364,-0.8760251046025105,0.35506276150627614
674370,90.20936170212767,2226.713829787234,-0.4182553191489362,0.7480212765957447
674444,95.05409836065574,2166.44262295082,-0.5452459016393443,0.9235245901639344
674681,85.55411764705883,2221.1176470588234,-0.6404705882352941,0.9712941176470589
675540,87.6144578313253,2237.6593038821957,0.12186746987951806,0.7018206157965194
675627,88.00828970331588,2316.6465968586385,0.05475567190226876,0.3462129144851658
675911,92.57010009686793,2348.8630933161126,-0.22579270261543427,1.0154988698740717
675916,89.42673267326732,2285.7736916548797,-0.23415841584158417,0.6195190947666195
675921,89.16875,2155.5,-0.165125,0.6368750000000001
675989,91.35787139689579,2404.481152993348,-0.15388026607538804,0.6743680709534368
676050,90.51515151515152,1994.1969696969697,-0.6931818181818182,0.8107575757575757
676083,87.75363636363636,2186.7727272727275,-0.06190909090909091,0.7841818181818182
676092,90.79863387978143,2585.275956284153,-0.11622950819672132,0.21879781420765027
676106,89.95309278350516,2216.324742268041,-0.901701030927835,0.7056701030927836
676130,89.97277701778387,2250.5540355677153,-0.46941176470588236,0.7890971272229823
676206,90.16898954703832,2331.076655052265,-0.21233449477351915,0.8386759581881533
676254,88.94403755868544,2388.133333333333,0.01694835680751174,0.16737089201877933
676265,88.35277382645803,2331.0654338549075,-0.3099431009957326,0.38302987197724037
676272,92.2232379979571,2441.805413687436,-0.43924923391215526,0.5433605720122574
676391,69.31,1337.9,-0.79,0.9305
676395,90.1358925143954,2107.071017274472,-0.5570249520153551,0.5935124760076776
676440,88.76771416272062,2431.06586310805,-0.050460611278519155,0.7211407662505381
676475,75.9888888888889,1706.2444444444445,-1.1993333333333334,0.8317777777777777
676477,87.95502512562814,2096.4798994974876,-0.835678391959799,0.5658123953098828
676534,90.425,2636.359375,0.26595703125,0.41712890625
676596,85.10797872340426,1842.4281914893618,-0.7388829787234042,0.047619680851063835
676632,66.73636363636363,1693.7272727272727,-0.3318181818181818,1.0054545454545456
676664,87.69014330653617,2188.0835372247466,-0.47911219853198184,0.833351974833974
676680,83.45575539568345,2469.792565947242,0.3940167865707434,0.4704676258992806
676684,91.20371794871794,2115.507692307692,-0.43264102564102563,0.674551282051282
676689,92.42857142857143,2469.2380952380954,0.11952380952380953,0.5485714285714286
676701,60.44347826086957,1461.6521739130435,-0.33,1.2291304347826086
676702,91.98218390804597,2666.793103448276,0.33741379310344827,0.7563793103448276
676710,88.21328871892926,2301.2194072657744,-0.07966539196940726,0.7893116634799235
676714,87.65690376569037,2340.5564853556484,-0.27682008368200833,0.7089539748953975
676760,88.30351699882766,2163.9613130128955,-0.9172919109026965,0.8164126611957796
676775,91.50940170940171,1851.034188034188,-1.0151623931623932,0.34912820512820514
676961,86.7,2220.4736842105262,-0.10263157894736841,0.5931578947368421
676979,92.4766323024055,2299.491408934708,-0.07096219931271477,0.9021649484536082
677020,90.62009132420091,2202.8995433789955,0.06821917808219179,1.0265753424657533
677053,90.03392670157068,2318.882722513089,0.21474345549738222,0.9226073298429319
677076,88.94367816091955,2188.4597701149423,-0.7834482758620689,0.6801149425287356
677161,88.49811320754718,2279.6666666666665,-0.9222012578616352,0.8013207547169812
677651,86.03362068965517,2386.3060344827586,0.022974137931034484,0.7459913793103448
677865,84.73920187793428,2310.281690140845,0.13892018779342724,0.33767605633802816
677944,88.44652278177458,2300.314148681055,-0.4927098321342926,0.5549160671462829
677960,90.2704291044776,2116.444029850746,-0.5574720149253731,0.8790578358208956
678061,89.83161592505854,2058.494145199063,-0.4471428571428572,0.5437704918032786
678226,92.12771084337349,2523.8192771084337,-0.20518072289156628,0.7740963855421686
678394,91.21643102789453,2004.045089797478,-0.9931257164692396,0.2980817730225449
678606,92.63711711711711,2087.1513513513514,-1.3256036036036036,0.6298198198198198
679346,89.026,2325.8533333333335,-0.5117333333333334,0.11473333333333334
679525,89.1016393442623,2348.7824143070043,-0.3208420268256334,0.4654992548435172
679885,95.98347457627118,1950.322033898305,-0.7294915254237287,0.8592796610169491
680232,83.10933333333332,2090.5733333333333,-0.47679999999999995,0.7584000000000001
680570,90.35456273764258,2223.171577946768,-0.4972148288973384,0.7085218631178707
680573,86.11649484536082,2153.9278350515465,-0.22577319587628863,1.294845360824742
680686,88.18697524219591,2093.6243272335846,-0.3174022246142806,0.6275816289917474
680689,91.16848484848484,2148.690909090909,-0.7611818181818182,0.5744848484848485
680694,90.59486496766831,2389.662228984405,0.18232027386839103,0.2971053632559909
680704,85.45912334352701,2395.402650356779,-0.160407747196738,0.56072375127421
680723,86.62970149253732,2123.8746268656714,-0.2733880597014925,0.6441343283582089
680735,87.0423875432526,2102.2629757785467,-0.12982698961937716,0.8000692041522491
680739,88.46876122082585,1921.709156193896,-0.3846319569120287,0.4024057450628366
680742,90.35892857142858,2229.5714285714284,-0.30821428571428566,0.7742857142857142
680767,94.2774193548387,2061.462365591398,-0.5811827956989247,0.686236559139785
680983,89.66111111111111,2314.5833333333335,-0.47611111111111115,-0.04583333333333333
681190,89.20627802690584,2526.881913303438,-0.27745889387144995,0.6498206278026906
681217,89.88906789413119,2274.775604142693,-0.14186421173762945,0.4923705408515535
681402,92.28880208333334,2151.421875,-0.37007812500000004,0.5572135416666667
681432,90.13333333333334,2253.0666666666666,0.13844444444444445,0.4376296296296296
681517,90.45,2404.2586206896553,0.07827586206896552,0.5917241379310345
681584,67.075,1702.5,-0.68375,1.17
681806,89.68894080996886,2456.777258566978,0.17898753894080996,0.8956230529595016
681807,55.95,1508.138888888889,-0.04486111111111111,1.4754166666666668
681808,85.87272727272727,2472.0,0.5754545454545454,0.4127272727272727
681810,87.16,2487.75,0.1955,0.34500000000000003
681857,89.73988505747126,2469.9879310344827,-0.4023505747126437,0.35727011494252875
681867,83.10561594202899,2185.5597826086955,-0.14077898550724638,0.23315217391304346
681869,90.1906976744186,2400.7616279069766,-0.1925581395348837,0.5130813953488372
681882,91.21212814645308,2446.0915331807782,-0.19292906178489702,0.34279176201373
681892,89.57395833333334,2337.5625,0.050729166666666665,0.52921875
681911,91.72451690821255,2388.6702898550725,-0.16823671497584541,1.1927898550724638
681982,88.81775544388609,2270.3433835845894,-0.5735510887772195,0.4731490787269682
681987,88.14999999999999,2112.9545454545455,-0.23954545454545453,0.8759090909090909
682010,90.46705882352941,2428.364705882353,-0.24594117647058825,0.9257941176470588
682051,89.47402597402598,2249.409090909091,-0.5024025974025974,0.6849675324675325
682052,86.26891191709845,2045.3886010362694,-0.7543005181347151,0.48207253886010365
682120,91.4922,2355.02,-0.05626,0.52478
682171,82.32548076923078,2435.658653846154,0.7729326923076923,0.22524038461538462
682175,86.20833333333333,1978.8680555555557,-0.4863888888888889,-0.0920138888888889
682227,87.91986584107327,2211.860681114551,-0.24639318885448916,0.7233384932920536
682243,91.60660603159407,2480.588319770225,-0.18852082336045956,0.9888367640019147
682842,96.22915057915057,2331.361003861004,-0.5110810810810811,0.44588803088803086
682847,91.75490734385724,2218.0240219629377,-0.6562251201098147,0.48540837336993825
682967,87.43795180722891,2170.090361445783,-0.4248795180722892,0.9806626506024095
682989,92.42,2322.753846153846,-0.7584615384615384,0.33384615384615385
682990,89.29941860465117,2274.625581395349,-0.35598837209302325,0.26961627906976743
683155,87.55151515151515,2283.5636363636363,-0.391030303030303,0.8063636363636364
683175,91.851968503937,2407.8897637795276,-0.021338582677165357,0.9171391076115486
683232,90.51385041551247,2293.711911357341,-0.06515235457063712,0.6057063711911357
683769,87.27186991869918,2219.4065040650407,-0.20806504065040649,0.7509918699186993
685107,90.29454545454546,1964.509090909091,-0.6978181818181819,0.8656363636363636
685314,89.17820512820512,2122.5384615384614,-0.47544871794871796,0.07711538461538463
685410,87.93654545454545,2343.8127272727274,-0.027054545454545453,0.8995818181818181
686218,91.00222693531283,2231.355249204666,-0.7046553552492046,0.9095121951219511
686294,92.04013015184381,2153.763557483731,-0.2244468546637744,0.971409978308026
686539,89.60466321243524,2635.4455958549224,0.019585492227979274,-0.015699481865284977
686610,88.13688749509997,2124.308114464916,-0.36563700509604075,0.7622775382203058
686613,91.190216991541,2236.6392055902907,-0.10975358587716072,0.5007318867230599
686651,88.30814479638008,2128.2760180995474,-0.056606334841628955,0.8971945701357467
686654,90.92608695652174,2114.169082125604,-0.005410628019323673,0.5839130434782609
686730,88.75017182130584,2263.2233676975943,-0.3111340206185567,0.7502405498281787
686747,81.84682835820895,2054.1847014925374,-0.2945149253731343,0.31188432835820895
686752,90.54969418960245,2383.3562691131497,-0.6905351681957187,0.9648623853211009
686753,91.95930807248764,2226.5815485996704,-0.5446457990115322,0.5140691927512356
686826,90.04081081081081,2193.445945945946,-0.3132162162162162,0.5681891891891891
686839,88.64447852760736,2600.5490797546013,0.3443711656441718,0.2880368098159509
686842,92.23488372093023,2387.0,0.06325581395348838,0.7023255813953488
686972,92.1015625,2300.109375,-0.22515625,1.0034375
686973,90.81703910614524,2219.6005586592178,-0.20008379888268155,0.8006890130353818
687145,91.27514792899409,2309.171597633136,-0.3717751479289941,0.7869822485207101
687330,84.38598306679211,2315.052681091251,-0.020442144873000945,0.28758231420507996
687396,86.69026369168357,2106.306288032454,-0.5755780933062881,0.9251724137931034
687798,91.21811224489795,2115.0841836734694,-0.5750000000000001,0.8799744897959183
687830,87.80625,2092.5505952380954,-0.4308630952380953,0.24827380952380954
687888,85.9227397260274,2275.2986301369865,-0.25416438356164384,0.16016438356164384
687922,89.64662162162162,2079.4594594594596,-0.05918918918918919,0.897972972972973
688427,87.17299999999999,2508.75,0.36979999999999996,0.4736
689147,87.81333333333333,2877.8333333333335,1.1631666666666665,0.012500000000000008
689167,86.31752577319587,2246.546391752577,-0.37639175257731955,0.9415463917525773
689172,66.88181818181819,1578.8181818181818,-0.7481818181818182,1.1545454545454545
689225,93.10208333333333,2297.628205128205,-0.677948717948718,0.9422115384615386
689266,87.21883802816902,2052.614436619718,-0.5170774647887324,0.9411971830985916
689690,79.57659574468084,2197.063829787234,-0.3278723404255319,0.31382978723404253
690829,98.14626865671643,2434.686567164179,-0.7939800995024876,0.8100497512437811
690986,89.68095238095238,2148.6428571428573,-0.6061224489795918,0.6625510204081633
691094,83.2764705882353,2069.529411764706,-0.3773529411764706,0.5279411764705882
691587,91.05733855185909,2442.3568166992823,-0.41298760600130463,0.9347227658186563
693312,93.16666666666667,2441.8198198198197,-0.24279279279279278,0.8027927927927928
693433,92.6994459833795,2169.9300554016622,-0.5383033240997229,0.8231925207756233
693821,86.65214486638537,2160.805907172996,-0.5912693389592124,0.41515471167369905
694037,95.27302231237323,2265.0405679513183,-0.48024340770791074,0.9870588235294118
694297,89.2655686761964,2460.05593536358,-0.2031075201988813,0.7741267868241143
694363,87.13874709976798,2008.3039443155453,-0.4176566125290023,0.8898723897911833
694813,90.11371115173674,1965.998171846435,-0.6821755027422303,0.7953564899451554
695243,94.27100494233937,2335.7710049423395,-0.21996705107084022,0.9025041186161451
696136,86.85197255574613,2089.509433962264,-0.5404802744425387,0.6383190394511149
696147,91.36047297297297,2283.8310810810813,-0.49891891891891893,0.3954054054054054
700363,89.20814977973568,2050.8039647577093,-0.24066079295154186,0.8570264317180616
701643,90.30297805642634,2221.257053291536,-0.47169278996865205,0.3828056426332288
